Song,Link,Artist
44 More,www.youtube.com/watch?v=PnFGXev2ts8&list=PLvdtkdCcH2D3BWrdv2yMwIJ7-ScsklImS&index=2&t=0s,Regex did not match.
LIFE,www.youtube.com/watch?v=soSNLjMVmEU&list=PLvdtkdCcH2D3BWrdv2yMwIJ7-ScsklImS&index=3&t=0s,Regex did not match.
Joyner Lucas - Bank Account (Remix),www.youtube.com/watch?v=ZFy7RdZWwj8&list=PLvdtkdCcH2D3BWrdv2yMwIJ7-ScsklImS&index=4&t=0s,Regex did not match.
Legend Has It,www.youtube.com/watch?v=EP3-_ggM51E&list=PLvdtkdCcH2D3BWrdv2yMwIJ7-ScsklImS&index=5&t=0s,Regex did not match.
NEVER,www.youtube.com/watch?v=k75PYvjrNN8&list=PLvdtkdCcH2D3BWrdv2yMwIJ7-ScsklImS&index=6&t=0s,Regex did not match.
Praise The Lord (Da Shine),www.youtube.com/watch?v=gfIFUdFJdoM&list=PLvdtkdCcH2D3BWrdv2yMwIJ7-ScsklImS&index=7&t=0s,Regex did not match.
K.A.A.N - Mary Jane,www.youtube.com/watch?v=jxipIRg-f2Y&list=PLvdtkdCcH2D3BWrdv2yMwIJ7-ScsklImS&index=8&t=0s,Regex did not match.
Back To Life,www.youtube.com/watch?v=AR_c6CIjGz4&list=PLvdtkdCcH2D3BWrdv2yMwIJ7-ScsklImS&index=9&t=0s,Regex did not match.
Code Red,www.youtube.com/watch?v=hrbu_CMtQPU&list=PLvdtkdCcH2D3BWrdv2yMwIJ7-ScsklImS&index=10&t=0s,Regex did not match.
#itsEazy,www.youtube.com/watch?v=fXXF9msUqes&list=PLvdtkdCcH2D3BWrdv2yMwIJ7-ScsklImS&index=11&t=0s,Regex did not match.
"Tyler, The Creator - Who Dat Boy",www.youtube.com/watch?v=FUXX55WqYZs&list=PLvdtkdCcH2D3BWrdv2yMwIJ7-ScsklImS&index=12&t=0s,Regex did not match.
How I'm Feelin',www.youtube.com/watch?v=SPB96LcUteM&list=PLvdtkdCcH2D3BWrdv2yMwIJ7-ScsklImS&index=13&t=0s,Regex did not match.
EARTHGANG - Momma Told Me ft. J.I.D,www.youtube.com/watch?v=kNv3lcNRhi8&list=PLvdtkdCcH2D3BWrdv2yMwIJ7-ScsklImS&index=14&t=0s,Regex did not match.
J.I.D - EdEddnEddy (Official Video),www.youtube.com/watch?v=SEG92Z_NGJE&list=PLvdtkdCcH2D3BWrdv2yMwIJ7-ScsklImS&index=15&t=0s,Regex did not match.
Anderson .Paak - Bubblin (Official Video),www.youtube.com/watch?v=7PmUtmfTmbg&list=PLvdtkdCcH2D3BWrdv2yMwIJ7-ScsklImS&index=16&t=0s,Regex did not match.
"Royce da 5'9"" - Caterpillar ft. Eminem, King Green",www.youtube.com/watch?v=dARAN1z2KqY&list=PLvdtkdCcH2D3BWrdv2yMwIJ7-ScsklImS&index=17&t=0s,Regex did not match.
J.I.D - NEVER,www.youtube.com/watch?v=6eFcSesrP6A&list=PLvdtkdCcH2D3BWrdv2yMwIJ7-ScsklImS&index=18&t=0s,Regex did not match.
Oddisee - You Grew Up | Official Music Video,www.youtube.com/watch?v=eD_QnHxM1_A&list=PLvdtkdCcH2D3BWrdv2yMwIJ7-ScsklImS&index=19&t=0s,Regex did not match.
Joyner Lucas - F Y M (508)-507-2209 (Audio Only),www.youtube.com/watch?v=NbZutl3WG1w&list=PLvdtkdCcH2D3BWrdv2yMwIJ7-ScsklImS&index=20&t=0s,Regex did not match.
J.I.D - D/vision ft. Earthgang,www.youtube.com/watch?v=qngQ-mKN5XM&list=PLvdtkdCcH2D3BWrdv2yMwIJ7-ScsklImS&index=21&t=0s,Regex did not match.
Denzel Curry - SUMO | ZUMO from TA13OO Act 1: Light,www.youtube.com/watch?v=-fL6hd9rc1Y&list=PLvdtkdCcH2D3BWrdv2yMwIJ7-ScsklImS&index=22&t=0s,Regex did not match.
Prof - No feat. Cashinova (Official Video),www.youtube.com/watch?v=wyyr3L3rFvA&list=PLvdtkdCcH2D3BWrdv2yMwIJ7-ScsklImS&index=23&t=0s,Regex did not match.
Vince Staples - Blue Suede (Explicit),www.youtube.com/watch?v=NJLfCBBcZAo&list=PLvdtkdCcH2D3BWrdv2yMwIJ7-ScsklImS&index=24&t=0s,Regex did not match.
"Diplo, French Montana & Lil Pump ft. Zhavia Ward - Welcome To The Party (Official Music Video)",www.youtube.com/watch?v=QgOXIEhHU1Y&list=PLvdtkdCcH2D3BWrdv2yMwIJ7-ScsklImS&index=25&t=0s,Regex did not match.
J. Cole - Kevin's Heart,www.youtube.com/watch?v=ufynqs_COF4&list=PLvdtkdCcH2D3BWrdv2yMwIJ7-ScsklImS&index=26&t=0s,Regex did not match.
Falz - This Is Nigeria (Official Video),www.youtube.com/watch?v=UW_xEqCWrm0&list=PLvdtkdCcH2D3BWrdv2yMwIJ7-ScsklImS&index=27&t=0s,Regex did not match.
Vince Staples - Lift Me Up (Official Video),www.youtube.com/watch?v=bn15IvVrprw&list=PLvdtkdCcH2D3BWrdv2yMwIJ7-ScsklImS&index=28&t=0s,Regex did not match.
Doozy,www.youtube.com/watch?v=DiqR9CXb6L4&list=PLvdtkdCcH2D3BWrdv2yMwIJ7-ScsklImS&index=29&t=0s,Regex did not match.
Little Boy,www.youtube.com/watch?v=-SA5Jh6rlyk&list=PLvdtkdCcH2D3BWrdv2yMwIJ7-ScsklImS&index=30&t=0s,Regex did not match.
745,www.youtube.com/watch?v=nise0jZLlQM&list=PLvdtkdCcH2D3BWrdv2yMwIJ7-ScsklImS&index=31&t=0s,Regex did not match.
Programs,www.youtube.com/watch?v=2SX7n_2QvX0&list=PLvdtkdCcH2D3BWrdv2yMwIJ7-ScsklImS&index=32&t=0s,Regex did not match.
Psychoville (feat. Graziella),www.youtube.com/watch?v=LeFv2OYtV4E&list=PLvdtkdCcH2D3BWrdv2yMwIJ7-ScsklImS&index=33&t=0s,Regex did not match.
Freaks And Geeks,www.youtube.com/watch?v=MLrMynIVgTQ&list=PLvdtkdCcH2D3BWrdv2yMwIJ7-ScsklImS&index=34&t=0s,Regex did not match.
"""Wasteland"" - The Seige [Explicit]",www.youtube.com/watch?v=WyJDpHbvAe0&list=PLvdtkdCcH2D3BWrdv2yMwIJ7-ScsklImS&index=35&t=0s,Regex did not match.
You Grew Up,www.youtube.com/watch?v=Eo8iGvwpfjg&list=PLvdtkdCcH2D3BWrdv2yMwIJ7-ScsklImS&index=36&t=0s,Regex did not match.
Liquor Sto' (feat. Marian Mereba),www.youtube.com/watch?v=1epCUfX-UN8&list=PLvdtkdCcH2D3BWrdv2yMwIJ7-ScsklImS&index=37&t=0s,Regex did not match.
Momma Told Me (feat. J.I.D),www.youtube.com/watch?v=AJsOcQZZdho&list=PLvdtkdCcH2D3BWrdv2yMwIJ7-ScsklImS&index=38&t=0s,Regex did not match.
Spar,www.youtube.com/watch?v=HxNB1q3Luf0&list=PLvdtkdCcH2D3BWrdv2yMwIJ7-ScsklImS&index=39&t=0s,Regex did not match.
D/vision,www.youtube.com/watch?v=XGfpsbmILZ0&list=PLvdtkdCcH2D3BWrdv2yMwIJ7-ScsklImS&index=40&t=0s,Regex did not match.
Artificial,www.youtube.com/watch?v=b7v6bf4mNLo&list=PLvdtkdCcH2D3BWrdv2yMwIJ7-ScsklImS&index=41&t=0s,Regex did not match.
Planet Shrooms,www.youtube.com/watch?v=83Pzy1pmkZs&list=PLvdtkdCcH2D3BWrdv2yMwIJ7-ScsklImS&index=42&t=0s,Regex did not match.
I Won't Quit,www.youtube.com/watch?v=eBDbdVd_6hM&list=PLvdtkdCcH2D3BWrdv2yMwIJ7-ScsklImS&index=43&t=0s,Regex did not match.
Alien Boy,www.youtube.com/watch?v=7qVTnjw49uo&list=PLvdtkdCcH2D3BWrdv2yMwIJ7-ScsklImS&index=44&t=0s,Regex did not match.
"""Demons"" - The Seige [Explicit]",www.youtube.com/watch?v=FiM_gwCABRA&list=PLvdtkdCcH2D3BWrdv2yMwIJ7-ScsklImS&index=45&t=0s,Regex did not match.
Majesty feat. Wasiu,www.youtube.com/watch?v=5T883kjtxeU&list=PLvdtkdCcH2D3BWrdv2yMwIJ7-ScsklImS&index=46&t=0s,Regex did not match.
Self Destruction,www.youtube.com/watch?v=7fvtjBxBzbo&list=PLvdtkdCcH2D3BWrdv2yMwIJ7-ScsklImS&index=47&t=0s,Regex did not match.
Klutz,www.youtube.com/watch?v=IPadpp6oyNQ&list=PLvdtkdCcH2D3BWrdv2yMwIJ7-ScsklImS&index=48&t=0s,Regex did not match.
WIN,www.youtube.com/watch?v=COaNrYzXhPo&list=PLvdtkdCcH2D3BWrdv2yMwIJ7-ScsklImS&index=49&t=0s,Regex did not match.
Some Time,www.youtube.com/watch?v=8TfeiUcaoaQ&list=PLvdtkdCcH2D3BWrdv2yMwIJ7-ScsklImS&index=50&t=0s,Regex did not match.
Joyner Lucas - Panda Remix (@joynerlucas),www.youtube.com/watch?v=-vVFUvx6qu8&list=PLvdtkdCcH2D3BWrdv2yMwIJ7-ScsklImS&index=51&t=0s,Regex did not match.
Russ - Sore Losers (Official Video),www.youtube.com/watch?v=DH0ln0xzjfg&list=PLvdtkdCcH2D3BWrdv2yMwIJ7-ScsklImS&index=52&t=0s,Regex did not match.
Patty Cake,www.youtube.com/watch?v=IH0isNpIxqE&list=PLvdtkdCcH2D3BWrdv2yMwIJ7-ScsklImS&index=53&t=0s,Regex did not match.
"Assassins Creed (feat. Tech N9ne, Token & PASSIONATE MC)",www.youtube.com/watch?v=BEktsssG3FU&list=PLvdtkdCcH2D3BWrdv2yMwIJ7-ScsklImS&index=54&t=0s,Regex did not match.
ULT,www.youtube.com/watch?v=XHv6oLgpLpQ&list=PLvdtkdCcH2D3BWrdv2yMwIJ7-ScsklImS&index=55&t=0s,Regex did not match.
Dangerous,www.youtube.com/watch?v=Ti3_U2pqZ1E&list=PLvdtkdCcH2D3BWrdv2yMwIJ7-ScsklImS&index=56&t=0s,Regex did not match.
Chance The Rapper - Cocoa Butter Kisses (feat. Vic Mensa and Twista),www.youtube.com/watch?v=TErySTMbFlk&list=PLvdtkdCcH2D3BWrdv2yMwIJ7-ScsklImS&index=57&t=0s,Regex did not match.
Chance The Rapper - Favorite Song (feat. Childish Gambino),www.youtube.com/watch?v=8mtA9GvpzwU&list=PLvdtkdCcH2D3BWrdv2yMwIJ7-ScsklImS&index=58&t=0s,Regex did not match.
Hereditary,www.youtube.com/watch?v=Chwau3diDV0&list=PLvdtkdCcH2D3BWrdv2yMwIJ7-ScsklImS&index=59&t=0s,Regex did not match.
Hasta Luego,www.youtube.com/watch?v=n2-x-45hHos&list=PLvdtkdCcH2D3BWrdv2yMwIJ7-ScsklImS&index=60&t=0s,Regex did not match.
Robots,www.youtube.com/watch?v=G_ZLNxk59M4&list=PLvdtkdCcH2D3BWrdv2yMwIJ7-ScsklImS&index=61&t=0s,Regex did not match.
Joyner Lucas - Look Alive (Remix),www.youtube.com/watch?v=Wd_idMpg_qQ&list=PLvdtkdCcH2D3BWrdv2yMwIJ7-ScsklImS&index=62&t=0s,Regex did not match.
Bubblin,www.youtube.com/watch?v=Pws6Trj0UyM&list=PLvdtkdCcH2D3BWrdv2yMwIJ7-ScsklImS&index=63&t=0s,Regex did not match.
Too Soft,www.youtube.com/watch?v=XUebuKpOHmY&list=PLvdtkdCcH2D3BWrdv2yMwIJ7-ScsklImS&index=64&t=0s,Regex did not match.
"""I Am Defiant"" - The Seige [Explicit]",www.youtube.com/watch?v=3UWXRWTrHzo&list=PLvdtkdCcH2D3BWrdv2yMwIJ7-ScsklImS&index=65&t=0s,Regex did not match.
"Damian “Jr. Gong” Marley - Medication [Remix] (Stephen ""Ragga"" Marley, Wiz Khalifa & Ty Dolla $ign)",www.youtube.com/watch?v=XIe98Qk-7sE&list=PLvdtkdCcH2D3BWrdv2yMwIJ7-ScsklImS&index=66&t=0s,Regex did not match.
AJR - Burn The House Down,www.youtube.com/watch?v=KQ0W7wU_YRo&list=PLvdtkdCcH2D3BWrdv2yMwIJ7-ScsklImS&index=67&t=0s,Regex did not match.
"""Run for Your Life"" - The Seige [Explicit]",www.youtube.com/watch?v=9518QrtUYV8&list=PLvdtkdCcH2D3BWrdv2yMwIJ7-ScsklImS&index=68&t=0s,Regex did not match.
Apashe - Majesty (feat. Wasiu) || Trap Music,www.youtube.com/watch?v=mSbVLB2TU3I&list=PLvdtkdCcH2D3BWrdv2yMwIJ7-ScsklImS&index=69&t=0s,Regex did not match.
Andre The Giant,www.youtube.com/watch?v=jaQy59gA7CA&list=PLvdtkdCcH2D3BWrdv2yMwIJ7-ScsklImS&index=70&t=0s,Regex did not match.
EARTHGANG - Meditate (Official Video) ft. J.I.D.,www.youtube.com/watch?v=skw3kUycvpo&list=PLvdtkdCcH2D3BWrdv2yMwIJ7-ScsklImS&index=71&t=0s,Regex did not match.
Slave Mill,www.youtube.com/watch?v=vvdXA0f61Fo&list=PLvdtkdCcH2D3BWrdv2yMwIJ7-ScsklImS&index=72&t=0s,Regex did not match.
Here We Go,www.youtube.com/watch?v=NFgQ0JCmOG8&list=PLvdtkdCcH2D3BWrdv2yMwIJ7-ScsklImS&index=73&t=0s,Regex did not match.
Time Travel,www.youtube.com/watch?v=PNecthbYIqw&list=PLvdtkdCcH2D3BWrdv2yMwIJ7-ScsklImS&index=74&t=0s,Regex did not match.
Caution,www.youtube.com/watch?v=wVera0oo2Dg&list=PLvdtkdCcH2D3BWrdv2yMwIJ7-ScsklImS&index=75&t=0s,Regex did not match.
Speak Life,www.youtube.com/watch?v=RI8ynS4Sx6U&list=PLvdtkdCcH2D3BWrdv2yMwIJ7-ScsklImS&index=76&t=0s,Regex did not match.
"""Animal"" - The Seige [Explicit]",www.youtube.com/watch?v=9pfqY2FSqfo&list=PLvdtkdCcH2D3BWrdv2yMwIJ7-ScsklImS&index=77&t=0s,Regex did not match.
The Score - Higher (Audio),www.youtube.com/watch?v=XclXvB1Gmnc&list=PLvdtkdCcH2D3BWrdv2yMwIJ7-ScsklImS&index=78&t=0s,Regex did not match.
The Score - The Heat (Audio),www.youtube.com/watch?v=InAaCKqUmjE&list=PLvdtkdCcH2D3BWrdv2yMwIJ7-ScsklImS&index=79&t=0s,Regex did not match.
The Score - Money Run Low (Audio),www.youtube.com/watch?v=facc6KUJYcM&list=PLvdtkdCcH2D3BWrdv2yMwIJ7-ScsklImS&index=80&t=0s,Regex did not match.
Skip Marley - Lions (Lyric Video),www.youtube.com/watch?v=t6Y7yQIZT4Q&list=PLvdtkdCcH2D3BWrdv2yMwIJ7-ScsklImS&index=81&t=0s,Regex did not match.
Voodoo (feat. EARTHGANG),www.youtube.com/watch?v=dcKYxY0pMt4&list=PLvdtkdCcH2D3BWrdv2yMwIJ7-ScsklImS&index=82&t=0s,Regex did not match.
Denzel Curry-  Ultimate (Lyrics),www.youtube.com/watch?v=w4oHBoeuZ10&list=PLvdtkdCcH2D3BWrdv2yMwIJ7-ScsklImS&index=83&t=0s,Regex did not match.
EARTHGANG - Liquor Sto' ft. Marian Mereba,www.youtube.com/watch?v=Xl94ba7emtw&list=PLvdtkdCcH2D3BWrdv2yMwIJ7-ScsklImS&index=84&t=0s,Regex did not match.
Warning (feat. Sonny Sandoval),www.youtube.com/watch?v=zACK4gF0SJU&list=PLvdtkdCcH2D3BWrdv2yMwIJ7-ScsklImS&index=85&t=0s,Regex did not match.
Herby,www.youtube.com/watch?v=w743rXSXllA&list=PLvdtkdCcH2D3BWrdv2yMwIJ7-ScsklImS&index=86&t=0s,Regex did not match.
Vampire (feat. Whiteboy John),www.youtube.com/watch?v=M4x38DHB2Ow&list=PLvdtkdCcH2D3BWrdv2yMwIJ7-ScsklImS&index=87&t=0s,Regex did not match.
The Harvest,www.youtube.com/watch?v=5BLQp7yGWHI&list=PLvdtkdCcH2D3BWrdv2yMwIJ7-ScsklImS&index=88&t=0s,Regex did not match.
Anunnaki Brain,www.youtube.com/watch?v=Om3L3_37xVE&list=PLvdtkdCcH2D3BWrdv2yMwIJ7-ScsklImS&index=89&t=0s,Regex did not match.
The Expendables - Bowl For Two,www.youtube.com/watch?v=f5kGUqEBva4&list=PLvdtkdCcH2D3BWrdv2yMwIJ7-ScsklImS&index=90&t=0s,Regex did not match.
"Black Violin - ""A Flat"" (Music Video) (2012)",www.youtube.com/watch?v=gEIVzWCRSg8&list=PLvdtkdCcH2D3BWrdv2yMwIJ7-ScsklImS&index=91&t=0s,Regex did not match.
Imagine Dragons - Roots (Audio),www.youtube.com/watch?v=e4RMh7NLHPY&list=PLvdtkdCcH2D3BWrdv2yMwIJ7-ScsklImS&index=92&t=0s,Regex did not match.
Indian City (feat. Black Bear),www.youtube.com/watch?v=donYjXL6v68&list=PLvdtkdCcH2D3BWrdv2yMwIJ7-ScsklImS&index=93&t=0s,Regex did not match.
Ting Dun (feat. Method Man),www.youtube.com/watch?v=wKJSt8ulcAo&list=PLvdtkdCcH2D3BWrdv2yMwIJ7-ScsklImS&index=94&t=0s,Regex did not match.
Freedom Form Flowing,www.youtube.com/watch?v=_yYBzgP-XCc&list=PLvdtkdCcH2D3BWrdv2yMwIJ7-ScsklImS&index=95&t=0s,Regex did not match.
Marciano's Reign,www.youtube.com/watch?v=V-FLNDy6FS4&list=PLvdtkdCcH2D3BWrdv2yMwIJ7-ScsklImS&index=96&t=0s,Regex did not match.
Tear The Roof Off (feat. Watsky),www.youtube.com/watch?v=D2O3KCi3kY0&list=PLvdtkdCcH2D3BWrdv2yMwIJ7-ScsklImS&index=97&t=0s,Regex did not match.
Fashion Drunk (feat. Gift of Gab),www.youtube.com/watch?v=CgHWx0RHHV8&list=PLvdtkdCcH2D3BWrdv2yMwIJ7-ScsklImS&index=98&t=0s,Regex did not match.
What It Dew,www.youtube.com/watch?v=GF_ctiZ8oWw&list=PLvdtkdCcH2D3BWrdv2yMwIJ7-ScsklImS&index=99&t=0s,Regex did not match.
Old Earth,www.youtube.com/watch?v=F3EW1uWJ7Gk&list=PLvdtkdCcH2D3BWrdv2yMwIJ7-ScsklImS&index=100&t=0s,Regex did not match.
Uppercuts,www.youtube.com/watch?v=O7U39sO9tNg&list=PLvdtkdCcH2D3BWrdv2yMwIJ7-ScsklImS&index=101&t=0s,Regex did not match.
